Country Code,Country Name,Long Name,2-alpha code,WB-2 code,Currency Unit,Region,Income Group,Lending category
ABW,Aruba,Aruba,AW,AW,Aruban florin,Latin America & Caribbean,High income,
AFG,Afghanistan,Islamic State of Afghanistan,AF,AF,Afghan afghani,South Asia,Low income,IDA
AGO,Angola,People's Republic of Angola,AO,AO,Angolan kwanza,Sub-Saharan Africa,Lower middle income,IBRD
ALB,Albania,Republic of Albania,AL,AL,Albanian lek,Europe & Central Asia,Upper middle income,IBRD
AND,Andorra,Principality of Andorra,AD,AD,Euro,Europe & Central Asia,High income,
ARE,United Arab Emirates,United Arab Emirates,AE,AE,U.A.E. dirham,Middle East & North Africa,High income,
ARG,Argentina,Argentine Republic,AR,AR,Argentine peso,Latin America & Caribbean,Upper middle income,IBRD
ARM,Armenia,Republic of Armenia,AM,AM,Armenian dram,Europe & Central Asia,Upper middle income,IBRD
ASM,American Samoa,American Samoa,AS,AS,U.S. dollar,East Asia & Pacific,High income,
ATG,Antigua and Barbuda,Antigua and Barbuda,AG,AG,East Caribbean dollar,Latin America & Caribbean,High income,IBRD
AUS,Australia,Commonwealth of Australia,AU,AU,Australian dollar,East Asia & Pacific,High income,
AUT,Austria,Republic of Austria,AT,AT,Euro,Europe & Central Asia,High income,
AZE,Azerbaijan,Republic of Azerbaijan,AZ,AZ,New Azeri manat,Europe & Central Asia,Upper middle income,IBRD
BDI,Burundi,Republic of Burundi,BI,BI,Burundi franc,Sub-Saharan Africa,Low income,IDA
BEL,Belgium,Kingdom of Belgium,BE,BE,Euro,Europe & Central Asia,High income,
BEN,Benin,Republic of Benin,BJ,BJ,West African CFA franc,Sub-Saharan Africa,Lower middle income,IDA
BFA,Burkina Faso,Burkina Faso,BF,BF,West African CFA franc,Sub-Saharan Africa,Low income,IDA
BGD,Bangladesh,People's Republic of Bangladesh,BD,BD,Bangladeshi taka,South Asia,Lower middle income,IDA
BGR,Bulgaria,Republic of Bulgaria,BG,BG,Bulgarian lev,Europe & Central Asia,High income,IBRD
BHR,Bahrain,Kingdom of Bahrain,BH,BH,Bahraini dinar,Middle East & North Africa,High income,
BHS,The Bahamas,Commonwealth of The Bahamas,BS,BS,Bahamian dollar,Latin America & Caribbean,High income,
BIH,Bosnia and Herzegovina,Bosnia and Herzegovina,BA,BA,Bosnia and Herzegovina convertible mark,Europe & Central Asia,Upper middle income,IBRD
BLR,Belarus,Republic of Belarus,BY,BY,Belarusian rubel,Europe & Central Asia,Upper middle income,IBRD
BLZ,Belize,Belize,BZ,BZ,Belize dollar,Latin America & Caribbean,Upper middle income,Blend
BMU,Bermuda,The Bermudas,BM,BM,Bermuda dollar,North America,High income,
BOL,Bolivia,Plurinational State of Bolivia,BO,BO,Bolivian Boliviano,Latin America & Caribbean,Lower middle income,IBRD
BRA,Brazil,Federative Republic of Brazil,BR,BR,Brazilian real,Latin America & Caribbean,Upper middle income,IBRD
BRB,Barbados,Barbados,BB,BB,Barbados dollar,Latin America & Caribbean,High income,IBRD
BRN,Brunei,Brunei Darussalam,BN,BN,Brunei dollar,East Asia & Pacific,High income,
BTN,Bhutan,Kingdom of Bhutan,BT,BT,Bhutanese ngultrum,South Asia,Lower middle income,IDA
BWA,Botswana,Republic of Botswana,BW,BW,Botswana pula,Sub-Saharan Africa,Upper middle income,IBRD
CAF,Central African Republic,Central African Republic,CF,CF,Central African CFA franc,Sub-Saharan Africa,Low income,IDA
CAN,Canada,Canada,CA,CA,Canadian dollar,North America,High income,
CHE,Switzerland,Switzerland,CH,CH,Swiss franc,Europe & Central Asia,High income,
CHI,Channel Islands,Channel Islands,,JG,Pound sterling,Europe & Central Asia,High income,
CHL,Chile,Republic of Chile,CL,CL,Chilean peso,Latin America & Caribbean,High income,IBRD
CHN,China,People's Republic of China,CN,CN,Chinese yuan,East Asia & Pacific,Upper middle income,IBRD
CIV,Côte d'Ivoire,Republic of Côte d'Ivoire,CI,CI,West African CFA franc,Sub-Saharan Africa,Lower middle income,IDA
CMR,Cameroon,Republic of Cameroon,CM,CM,Central African CFA franc,Sub-Saharan Africa,Lower middle income,Blend
COD,Dem. Rep. Congo,Democratic Republic of the Congo,CD,ZR,Congolese franc,Sub-Saharan Africa,Low income,IDA
COG,Congo,Republic of Congo,CG,CG,Central African CFA franc,Sub-Saharan Africa,Lower middle income,Blend
COL,Colombia,Republic of Colombia,CO,CO,Colombian peso,Latin America & Caribbean,Upper middle income,IBRD
COM,Comoros,Union of the Comoros,KM,KM,Comorian franc,Sub-Saharan Africa,Lower middle income,IDA
CPV,Cabo Verde,Republic of Cabo Verde,CV,CV,Cabo Verde escudo,Sub-Saharan Africa,Lower middle income,Blend
CRI,Costa Rica,Republic of Costa Rica,CR,CR,Costa Rican colon,Latin America & Caribbean,Upper middle income,IBRD
CUB,Cuba,Republic of Cuba,CU,CU,Cuban peso,Latin America & Caribbean,Upper middle income,
CUW,Curaçao,Curaçao,CW,CW,Netherlands Antillean guilder,Latin America & Caribbean,High income,
CYM,Cayman Islands,Cayman Islands,KY,KY,Cayman Islands dollar,Latin America & Caribbean,High income,
CYP,Cyprus,Republic of Cyprus,CY,CY,Euro,Europe & Central Asia,High income,
CZE,Czechia,Czech Republic,CZ,CZ,Czech koruna,Europe & Central Asia,High income,
DEU,Germany,Federal Republic of Germany,DE,DE,Euro,Europe & Central Asia,High income,
DJI,Djibouti,Republic of Djibouti,DJ,DJ,Djibouti franc,Middle East & North Africa,Lower middle income,IDA
DMA,Dominica,Commonwealth of Dominica,DM,DM,East Caribbean dollar,Latin America & Caribbean,Upper middle income,Blend
DNK,Denmark,Kingdom of Denmark,DK,DK,Danish krone,Europe & Central Asia,High income,
DOM,Dominican Republic,Dominican Republic,DO,DO,Dominican peso,Latin America & Caribbean,Upper middle income,IBRD
DZA,Algeria,People's Democratic Republic of Algeria,DZ,DZ,Algerian dinar,Middle East & North Africa,Upper middle income,IBRD
ECU,Ecuador,Republic of Ecuador,EC,EC,U.S. dollar,Latin America & Caribbean,Upper middle income,IBRD
EGY,Egypt,Arab Republic of Egypt,EG,EG,Egyptian pound,Middle East & North Africa,Lower middle income,IBRD
ERI,Eritrea,State of Eritrea,ER,ER,Eritrean nakfa,Sub-Saharan Africa,Low income,IDA
ESP,Spain,Kingdom of Spain,ES,ES,Euro,Europe & Central Asia,High income,
EST,Estonia,Republic of Estonia,EE,EE,Euro,Europe & Central Asia,High income,
ETH,Ethiopia,Federal Democratic Republic of Ethiopia,ET,ET,Ethiopian birr,Sub-Saharan Africa,Low income,IDA
FIN,Finland,Republic of Finland,FI,FI,Euro,Europe & Central Asia,High income,
FJI,Fiji,Republic of Fiji,FJ,FJ,Fijian dollar,East Asia & Pacific,Upper middle income,Blend
FRA,France,French Republic,FR,FR,Euro,Europe & Central Asia,High income,
FRO,Faroe Islands,Faroe Islands,FO,FO,Danish krone,Europe & Central Asia,High income,
FSM,Micronesia,Federated States of Micronesia,FM,FM,U.S. dollar,East Asia & Pacific,Lower middle income,IDA
GAB,Gabon,Gabonese Republic,GA,GA,Central African CFA franc,Sub-Saharan Africa,Upper middle income,IBRD
GBR,United Kingdom,United Kingdom of Great Britain and Northern Ireland,GB,GB,Pound sterling,Europe & Central Asia,High income,
GEO,Georgia,Georgia,GE,GE,Georgian lari,Europe & Central Asia,Upper middle income,IBRD
GHA,Ghana,Republic of Ghana,GH,GH,New Ghanaian cedi,Sub-Saharan Africa,Lower middle income,IDA
GIB,Gibraltar,Gibraltar,GI,GI,Gibraltar pound,Europe & Central Asia,High income,
GIN,Guinea,Republic of Guinea,GN,GN,Guinean franc,Sub-Saharan Africa,Lower middle income,IDA
GMB,The Gambia,Republic of The Gambia,GM,GM,Gambian dalasi,Sub-Saharan Africa,Low income,IDA
GNB,Guinea-Bissau,Republic of Guinea-Bissau,GW,GW,West African CFA franc,Sub-Saharan Africa,Low income,IDA
GNQ,Equatorial Guinea,Republic of Equatorial Guinea,GQ,GQ,Central African CFA franc,Sub-Saharan Africa,Upper middle income,IBRD
GRC,Greece,Hellenic Republic,GR,GR,Euro,Europe & Central Asia,High income,
GRD,Grenada,Grenada,GD,GD,East Caribbean dollar,Latin America & Caribbean,Upper middle income,Blend
GRL,Greenland,Greenland,GL,GL,Danish krone,Europe & Central Asia,High income,
GTM,Guatemala,Republic of Guatemala,GT,GT,Guatemalan quetzal,Latin America & Caribbean,Upper middle income,IBRD
GUM,Guam,Guam,GU,GU,U.S. dollar,East Asia & Pacific,High income,
GUY,Guyana,Co-operative Republic of Guyana,GY,GY,Guyana dollar,Latin America & Caribbean,High income,IDA
HKG,"Hong Kong SAR, China",Hong Kong Special Administrative Region of the People's Republic of China,HK,HK,Hong Kong dollar,East Asia & Pacific,High income,
HND,Honduras,Republic of Honduras,HN,HN,Honduran lempira,Latin America & Caribbean,Lower middle income,IDA
HRV,Croatia,Republic of Croatia,HR,HR,Euro,Europe & Central Asia,High income,IBRD
HTI,Haiti,Republic of Haiti,HT,HT,Haitian gourde,Latin America & Caribbean,Lower middle income,IDA
HUN,Hungary,Hungary,HU,HU,Hungarian forint,Europe & Central Asia,High income,
IDN,Indonesia,Republic of Indonesia,ID,ID,Indonesian rupiah,East Asia & Pacific,Upper middle income,IBRD
IMN,Isle of Man,Isle of Man,IM,IM,Pound sterling,Europe & Central Asia,High income,
IND,India,Republic of India,IN,IN,Indian rupee,South Asia,Lower middle income,IBRD
IRL,Ireland,Ireland,IE,IE,Euro,Europe & Central Asia,High income,
IRN,Iran,Islamic Republic of Iran,IR,IR,Iranian rial,Middle East & North Africa,Upper middle income,IBRD
IRQ,Iraq,Republic of Iraq,IQ,IQ,Iraqi dinar,Middle East & North Africa,Upper middle income,IBRD
ISL,Iceland,Republic of Iceland,IS,IS,Iceland krona,Europe & Central Asia,High income,
ISR,Israel,State of Israel,IL,IL,Israeli new shekel,Middle East & North Africa,High income,
ITA,Italy,Italian Republic,IT,IT,Euro,Europe & Central Asia,High income,
JAM,Jamaica,Jamaica,JM,JM,Jamaican dollar,Latin America & Caribbean,Upper middle income,IBRD
JOR,Jordan,Hashemite Kingdom of Jordan,JO,JO,Jordanian dinar,Middle East & North Africa,Lower middle income,IBRD
JPN,Japan,Japan,JP,JP,Japanese yen,East Asia & Pacific,High income,
KAZ,Kazakhstan,Republic of Kazakhstan,KZ,KZ,Kazakh tenge,Europe & Central Asia,Upper middle income,IBRD
KEN,Kenya,Republic of Kenya,KE,KE,Kenyan shilling,Sub-Saharan Africa,Lower middle income,Blend
KGZ,Kyrgyz Republic,Kyrgyz Republic,KG,KG,Kyrgyz som,Europe & Central Asia,Lower middle income,IDA
KHM,Cambodia,Kingdom of Cambodia,KH,KH,Cambodian riel,East Asia & Pacific,Lower middle income,IDA
KIR,Kiribati,Republic of Kiribati,KI,KI,Australian dollar,East Asia & Pacific,Lower middle income,IDA
KNA,St. Kitts and Nevis,St. Kitts and Nevis,KN,KN,East Caribbean dollar,Latin America & Caribbean,High income,IBRD
KOR,Korea,Republic of Korea,KR,KR,Korean won,East Asia & Pacific,High income,
KWT,Kuwait,State of Kuwait,KW,KW,Kuwaiti dinar,Middle East & North Africa,High income,
LAO,Lao PDR,Lao People's Democratic Republic,LA,LA,Lao kip,East Asia & Pacific,Lower middle income,IDA
LBN,Lebanon,Lebanese Republic,LB,LB,Lebanese pound,Middle East & North Africa,Lower middle income,IBRD
LBR,Liberia,Republic of Liberia,LR,LR,Liberian dollar,Sub-Saharan Africa,Low income,IDA
LBY,Libya,Socialist People's Libyan Arab Jamahiriya,LY,LY,Libyan dinar,Middle East & North Africa,Upper middle income,IBRD
LCA,St. Lucia,St. Lucia,LC,LC,East Caribbean dollar,Latin America & Caribbean,Upper middle income,Blend
LIE,Liechtenstein,Principality of Liechtenstein,LI,LI,Swiss franc,Europe & Central Asia,High income,
LKA,Sri Lanka,Democratic Socialist Republic of Sri Lanka,LK,LK,Sri Lankan rupee,South Asia,Lower middle income,IDA
LSO,Lesotho,Kingdom of Lesotho,LS,LS,Lesotho loti,Sub-Saharan Africa,Lower middle income,IDA
LTU,Lithuania,Republic of Lithuania,LT,LT,Euro,Europe & Central Asia,High income,
LUX,Luxembourg,Grand Duchy of Luxembourg,LU,LU,Euro,Europe & Central Asia,High income,
LVA,Latvia,Republic of Latvia,LV,LV,Euro,Europe & Central Asia,High income,
MAC,"Macao SAR, China",Macao Special Administrative Region of the People's Republic of China,MO,MO,Macao pataca,East Asia & Pacific,High income,
MAF,St. Martin (French part),St. Martin (French part),MF,MF,Euro,Latin America & Caribbean,High income,
MAR,Morocco,Kingdom of Morocco,MA,MA,Moroccan dirham,Middle East & North Africa,Lower middle income,IBRD
MCO,Monaco,Principality of Monaco,MC,MC,Euro,Europe & Central Asia,High income,
MDA,Moldova,Republic of Moldova,MD,MD,Moldovan leu,Europe & Central Asia,Upper middle income,IBRD
MDG,Madagascar,Republic of Madagascar,MG,MG,Malagasy ariary,Sub-Saharan Africa,Low income,IDA
MDV,Maldives,Republic of Maldives,MV,MV,Maldivian rufiyaa,South Asia,Upper middle income,IDA
MEX,Mexico,United Mexican States,MX,MX,Mexican peso,Latin America & Caribbean,Upper middle income,IBRD
MHL,Marshall Islands,Republic of the Marshall Islands,MH,MH,U.S. dollar,East Asia & Pacific,Upper middle income,IDA
MKD,North Macedonia,Republic of North Macedonia,MK,MK,Macedonian denar,Europe & Central Asia,Upper middle income,IBRD
MLI,Mali,Republic of Mali,ML,ML,West African CFA franc,Sub-Saharan Africa,Low income,IDA
MLT,Malta,Republic of Malta,MT,MT,Euro,Middle East & North Africa,High income,
MMR,Myanmar,Republic of the Union of Myanmar,MM,MM,Myanmar kyat,East Asia & Pacific,Lower middle income,IDA
MNE,Montenegro,Montenegro,ME,ME,Euro,Europe & Central Asia,Upper middle income,IBRD
MNG,Mongolia,Mongolia,MN,MN,Mongolian tugrik,East Asia & Pacific,Upper middle income,IBRD
MNP,Northern Mariana Islands,Commonwealth of the Northern Mariana Islands,MP,MP,U.S. dollar,East Asia & Pacific,High income,
MOZ,Mozambique,Republic of Mozambique,MZ,MZ,New Mozambican metical,Sub-Saharan Africa,Low income,IDA
MRT,Mauritania,Islamic Republic of Mauritania,MR,MR,Mauritanian ouguiya,Sub-Saharan Africa,Lower middle income,IDA
MUS,Mauritius,Republic of Mauritius,MU,MU,Mauritian rupee,Sub-Saharan Africa,Upper middle income,IBRD
MWI,Malawi,Republic of Malawi,MW,MW,Malawi kwacha,Sub-Saharan Africa,Low income,IDA
MYS,Malaysia,Malaysia,MY,MY,Malaysian ringgit,East Asia & Pacific,Upper middle income,IBRD
NAM,Namibia,Republic of Namibia,,,Namibian dollar,Sub-Saharan Africa,Upper middle income,IBRD
NCL,New Caledonia,New Caledonia,NC,NC,CFP franc,East Asia & Pacific,High income,
NER,Niger,Republic of Niger,NE,NE,West African CFA franc,Sub-Saharan Africa,Low income,IDA
NGA,Nigeria,Federal Republic of Nigeria,NG,NG,Nigerian naira,Sub-Saharan Africa,Lower middle income,Blend
NIC,Nicaragua,Republic of Nicaragua,NI,NI,Nicaraguan gold cordoba,Latin America & Caribbean,Lower middle income,IDA
NLD,Netherlands,Kingdom of the Netherlands,NL,NL,Euro,Europe & Central Asia,High income,
NOR,Norway,Kingdom of Norway,NO,NO,Norwegian krone,Europe & Central Asia,High income,
NPL,Nepal,Nepal,NP,NP,Nepalese rupee,South Asia,Lower middle income,IDA
NRU,Nauru,Republic of Nauru,NR,NR,Australian dollar,East Asia & Pacific,High income,IBRD
NZL,New Zealand,New Zealand,NZ,NZ,New Zealand dollar,East Asia & Pacific,High income,
OMN,Oman,Sultanate of Oman,OM,OM,Omani rial,Middle East & North Africa,High income,
PAK,Pakistan,Islamic Republic of Pakistan,PK,PK,Pakistani rupee,South Asia,Lower middle income,Blend
PAN,Panama,Republic of Panama,PA,PA,Panamanian balboa,Latin America & Caribbean,High income,IBRD
PER,Peru,Republic of Peru,PE,PE,Peruvian new sol,Latin America & Caribbean,Upper middle income,IBRD
PHL,Philippines,Republic of the Philippines,PH,PH,Philippine peso,East Asia & Pacific,Lower middle income,IBRD
PLW,Palau,Republic of Palau,PW,PW,U.S. dollar,East Asia & Pacific,High income,IBRD
PNG,Papua New Guinea,The Independent State of Papua New Guinea,PG,PG,Papua New Guinea kina,East Asia & Pacific,Lower middle income,Blend
POL,Poland,Republic of Poland,PL,PL,Polish zloty,Europe & Central Asia,High income,IBRD
PRI,Puerto Rico,Puerto Rico,PR,PR,U.S. dollar,Latin America & Caribbean,High income,
PRK,Dem. People's Rep. Korea,Democratic People's Republic of Korea,KP,KP,Democratic People's Republic of Korean won,East Asia & Pacific,Low income,
PRT,Portugal,Portuguese Republic,PT,PT,Euro,Europe & Central Asia,High income,
PRY,Paraguay,Republic of Paraguay,PY,PY,Paraguayan guarani,Latin America & Caribbean,Upper middle income,IBRD
PSE,West Bank and Gaza,West Bank and Gaza,PS,GZ,Israeli new shekel,Middle East & North Africa,Lower middle income,
PYF,French Polynesia,French Polynesia,PF,PF,CFP franc,East Asia & Pacific,High income,
QAT,Qatar,State of Qatar,QA,QA,Qatari riyal,Middle East & North Africa,High income,
ROU,Romania,Romania,RO,RO,New Romanian leu,Europe & Central Asia,High income,IBRD
RUS,Russia,Russian Federation,RU,RU,Russian ruble,Europe & Central Asia,High income,IBRD
RWA,Rwanda,Republic of Rwanda,RW,RW,Rwandan franc,Sub-Saharan Africa,Low income,IDA
SAU,Saudi Arabia,Kingdom of Saudi Arabia,SA,SA,Saudi Arabian riyal,Middle East & North Africa,High income,
SDN,Sudan,Republic of the Sudan,SD,SD,Sudanese pound,Sub-Saharan Africa,Low income,IDA
SEN,Senegal,Republic of Senegal,SN,SN,West African CFA franc,Sub-Saharan Africa,Lower middle income,IDA
SGP,Singapore,Republic of Singapore,SG,SG,Singapore dollar,East Asia & Pacific,High income,
SLB,Solomon Islands,Solomon Islands,SB,SB,Solomon Islands dollar,East Asia & Pacific,Lower middle income,IDA
SLE,Sierra Leone,Republic of Sierra Leone,SL,SL,Sierra Leonean leone,Sub-Saharan Africa,Low income,IDA
SLV,El Salvador,Republic of El Salvador,SV,SV,U.S. dollar,Latin America & Caribbean,Upper middle income,IBRD
SMR,San Marino,Republic of San Marino,SM,SM,Euro,Europe & Central Asia,High income,
SOM,Somalia,Somali Democratic Republic,SO,SO,Somali shilling,Sub-Saharan Africa,Low income,IDA
SRB,Serbia,Republic of Serbia,RS,YF,New Serbian dinar,Europe & Central Asia,Upper middle income,IBRD
SSD,South Sudan,Republic of South Sudan,SS,SS,South Sudanese Pound,Sub-Saharan Africa,Low income,IDA
STP,São Tomé and Principe,Democratic Republic of São Tomé and Principe,ST,ST,São Tomé and Principe dobra,Sub-Saharan Africa,Lower middle income,IDA
SUR,Suriname,Republic of Suriname,SR,SR,Suriname dollar,Latin America & Caribbean,Upper middle income,IBRD
SVK,Slovak Republic,Slovak Republic,SK,SK,Euro,Europe & Central Asia,High income,
SVN,Slovenia,Republic of Slovenia,SI,SI,Euro,Europe & Central Asia,High income,
SWE,Sweden,Kingdom of Sweden,SE,SE,Swedish krona,Europe & Central Asia,High income,
SWZ,Eswatini,Kingdom of Eswatini,SZ,SZ,Swazi lilangeni,Sub-Saharan Africa,Lower middle income,Blend
SXM,Sint Maarten (Dutch part),Sint Maarten (Dutch part),SX,SX,Netherlands Antillean guilder,Latin America & Caribbean,High income,
SYC,Seychelles,Republic of Seychelles,SC,SC,Seychelles rupee,Sub-Saharan Africa,High income,IBRD
SYR,Syrian Arab Republic,Syrian Arab Republic,SY,SY,Syrian pound,Middle East & North Africa,Low income,IDA
TCA,Turks and Caicos Islands,Turks and Caicos Islands,TC,TC,U.S. dollar,Latin America & Caribbean,High income,
TCD,Chad,Republic of Chad,TD,TD,Central African CFA franc,Sub-Saharan Africa,Low income,IDA
TGO,Togo,Republic of Togo,TG,TG,West African CFA franc,Sub-Saharan Africa,Low income,IDA
THA,Thailand,Kingdom of Thailand,TH,TH,Thai baht,East Asia & Pacific,Upper middle income,IBRD
TJK,Tajikistan,Republic of Tajikistan,TJ,TJ,Tajik somoni,Europe & Central Asia,Lower middle income,IDA
TKM,Turkmenistan,Turkmenistan,TM,TM,New Turkmen manat,Europe & Central Asia,Upper middle income,IBRD
TLS,Timor-Leste,Democratic Republic of Timor-Leste,TL,TP,U.S. dollar,East Asia & Pacific,Lower middle income,Blend
TON,Tonga,Kingdom of Tonga,TO,TO,Tongan pa'anga,East Asia & Pacific,Upper middle income,IDA
TTO,Trinidad and Tobago,Republic of Trinidad and Tobago,TT,TT,Trinidad and Tobago dollar,Latin America & Caribbean,High income,IBRD
TUN,Tunisia,Republic of Tunisia,TN,TN,Tunisian dinar,Middle East & North Africa,Lower middle income,IBRD
TUR,Türkiye,Republic of Türkiye,TR,TR,New Turkish lira,Europe & Central Asia,Upper middle income,IBRD
TUV,Tuvalu,Tuvalu,TV,TV,Australian dollar,East Asia & Pacific,Upper middle income,IDA
TZA,Tanzania,United Republic of Tanzania,TZ,TZ,Tanzanian shilling,Sub-Saharan Africa,Lower middle income,IDA
UGA,Uganda,Republic of Uganda,UG,UG,Ugandan shilling,Sub-Saharan Africa,Low income,IDA
UKR,Ukraine,Ukraine,UA,UA,Ukrainian hryvnia,Europe & Central Asia,Upper middle income,IBRD
URY,Uruguay,Oriental Republic of Uruguay,UY,UY,Uruguayan peso,Latin America & Caribbean,High income,IBRD
USA,United States,United States of America,US,US,U.S. dollar,North America,High income,
UZB,Uzbekistan,Republic of Uzbekistan,UZ,UZ,Uzbek som,Europe & Central Asia,Lower middle income,Blend
VCT,St. Vincent and the Grenadines,St. Vincent and the Grenadines,VC,VC,East Caribbean dollar,Latin America & Caribbean,Upper middle income,Blend
VEN,Venezuela,República Bolivariana de Venezuela,VE,VE,Venezuelan bolivar fuerte,Latin America & Caribbean,,IBRD
VGB,British Virgin Islands,British Virgin Islands,VG,VG,U.S. dollar,Latin America & Caribbean,High income,
VIR,Virgin Islands,Virgin Islands of the United States,VI,VI,U.S. dollar,Latin America & Caribbean,High income,
VNM,Viet Nam,Socialist Republic of Viet Nam,VN,VN,Vietnamese dong,East Asia & Pacific,Lower middle income,IBRD
VUT,Vanuatu,Republic of Vanuatu,VU,VU,Vanuatu vatu,East Asia & Pacific,Lower middle income,IDA
WSM,Samoa,Independent State of Samoa,WS,WS,Samoan tala,East Asia & Pacific,Lower middle income,IDA
XKX,Kosovo,Republic of Kosovo,XK,XK,Euro,Europe & Central Asia,Upper middle income,IDA
YEM,Yemen,Republic of Yemen,YE,RY,Yemeni rial,Middle East & North Africa,Low income,IDA
ZAF,South Africa,Republic of South Africa,ZA,ZA,South African rand,Sub-Saharan Africa,Upper middle income,IBRD
ZMB,Zambia,Republic of Zambia,ZM,ZM,New Zambian kwacha,Sub-Saharan Africa,Lower middle income,IDA
ZWE,Zimbabwe,Republic of Zimbabwe,ZW,ZW,Zimbabwean Dollar,Sub-Saharan Africa,Lower middle income,Blend
